title,text,topic,type
Зеленський заявив про готовність до переговорів з РФ: експерти оцінюють ризики та можливості,"Президент України Володимир Зеленський в інтерв'ю західному виданню заявив про готовність до переговорів з Росією, якщо буде виконано низку умов, зокрема, виведення російських військ з усієї території України та притягнення до відповідальності воєнних злочинців. 

Ця заява прозвучала на тлі певного затишшя на фронті та активізації дипломатичних зусиль з боку низки європейських країн. Зеленський наголосив, що Україна прагне миру, але не ціною втрати територій або суверенітету. Він підкреслив важливість міжнародних гарантій безпеки для України, зокрема, членства в НАТО.

Водночас, заява президента викликала неоднозначну реакцію в українському суспільстві. Частина експертів застерігає від надмірних очікувань, наголошуючи на непередбачуваності російської сторони та її звичці до маніпуляцій. 

""Росія може використати ці заяви для створення ілюзії готовності до переговорів, щоб виграти час та перегрупувати сили,"" – коментує політолог Ігор Петренко. ""Важливо розуміти, що будь-які переговори з Москвою будуть складними та потребуватимуть максимальної обережності."" 

Інші експерти, навпаки, вважають заяву Зеленського позитивним сигналом, який може активізувати переговорний процес та сприяти пошуку компромісних рішень. 

""Готовність до діалогу – це завжди крок вперед,"" – зазначає дипломат у відставці Олександр Моцик. ""Важливо, щоб переговори відбувалися на основі чіткої позиції України та за підтримки міжнародних партнерів."" 

Водночас, у Кремлі поки що не відреагували на заяву Зеленського. Прес-секретар Путіна Дмитро Пєсков лише зазначив, що Москва вивчить цю заяву та надасть коментар згодом. 

Спостерігачі відзначають, що активізація дипломатичних зусиль може бути пов'язана з наближенням зимового періоду та необхідністю пошуку шляхів врегулювання конфлікту. Водночас, вони наголошують на важливості збереження єдності та рішучості українського суспільства в умовах тривалої війни.",Політика,Маніпуляція
"Зеленський готує відставку Залужного на тлі розбіжностей щодо стратегії наступу, – джерела","Президент України Володимир Зеленський розглядає можливість відставки головнокомандувача Збройних сил України Валерія Залужного. Про це стало відомо з власних джерел в Офісі Президента та військовому командуванні. За словами джерел, рішення може бути ухвалене найближчим часом, а причиною є розбіжності у баченні подальшої стратегії ведення бойових дій.

Зокрема, як стверджують джерела, розбіжності стосуються оцінки перспектив контрнаступу, який триває вже кілька місяців. Залужний нібито наполягає на необхідності більш обережного підходу, враховуючи значні втрати та обмежені ресурси, тоді як в Офісі Президента наполягають на більш агресивних діях, щоб продемонструвати швидкий результат західним партнерам.

""Президент відчуває тиск з боку союзників, які вимагають більших успіхів на полі бою. Він вважає, що Залужний недостатньо ефективно використовує наявні ресурси, і це може призвести до втрати підтримки з боку Заходу"", – повідомило джерело в Офісі Президента на умовах анонімності.

Крім того, джерела вказують на те, що між президентом та головкомом існують розбіжності щодо розподілу повноважень та впливу на прийняття стратегічних рішень. Зеленський нібито хоче посилити контроль над військовим командуванням, щоб забезпечити відповідність військових планів політичним цілям.

У відповідь на запит щодо коментаря прессекретар Президента Сергій Никифоров зазначив, що ""будь-які кадрові рішення у сфері оборони приймаються виключно у відповідності до потреб національної безпеки та з урахуванням рекомендацій військового командування"". Водночас він не спростував інформацію про можливу відставку Залужного.

Військовий експерт Ігор Романенко, коментуючи ситуацію, зауважив, що ""будь-які зміни у вищому військовому керівництві в умовах війни є надзвичайно чутливим питанням. Вони можуть вплинути на моральний дух війська та на довіру з боку партнерів"". Романенко підкреслив необхідність максимальної обережності та зваженості при прийнятті таких рішень.",Політика,Маніпуляція
Зеленський анонсував нові переговори з РФ: чи означає це заморожування конфлікту?,"Президент України Володимир Зеленський заявив про готовність до відновлення переговорів з Російською Федерацією, озвучивши цю заяву на нещодавній пресконференції у відповідь на запитання журналістів щодо подальшої стратегії. ""Ми готові до діалогу, але на наших умовах,"" – зазначив Зеленський, підкреслюючи, що переговори можливі лише за умови повного виведення російських військ з території України та відновлення територіальної цілісності держави.

Водночас, аналітики та експерти по-різному оцінюють таку заяву. Деякі з них вбачають у цьому сигнал про готовність до компромісу та пошуку мирного врегулювання конфлікту. ""Це може свідчити про розуміння складності ситуації та необхідність дипломатичного шляху вирішення кризи,"" – коментує політолог Ігор Петренко. Інші ж висловлюють занепокоєння, вважаючи, що це може бути спробою заморозити конфлікт та закріпити поточний статус-кво.

""Заява Зеленського виглядає як тактичний маневр, спрямований на заспокоєння західних партнерів, які все частіше говорять про необхідність мирного врегулювання. Водночас, відсутність чітких часових рамок та конкретних умов для початку переговорів викликає питання,"" – зазначає військовий експерт Олексій Мельник.

Крім того, варто відзначити, що на тлі заяв Зеленського, з російської сторони лунають заяви про готовність до переговорів, але з акцентом на визнання втрат територій та демілітаризацію України. Кремль продовжує наполягати на своїх вимогах, що ускладнює будь-який діалог.

Політичні оглядачі звертають увагу на те, що активізація дипломатичних зусиль відбувається на тлі посилення тиску з боку міжнародних організацій та окремих країн щодо пошуку мирного рішення. Водночас, ситуація на фронті залишається напруженою, а бойові дії тривають по всій лінії зіткнення. Експерти прогнозують, що найближчі тижні будуть вирішальними для визначення подальшого розвитку подій.",Політика,Маніпуляція
ЗМІ: Західні партнери вимагають від України «більш гнучкої» позиції щодо переговорів з РФ,"Київ, 15 листопада 2024 року – Джерела в дипломатичних колах повідомляють про зростаючий тиск з боку західних партнерів на український уряд з вимогою переглянути позицію щодо мирних переговорів з Російською Федерацією. За інформацією, отриманою від високопоставленого чиновника, який побажав залишитися анонімним, низка західних лідерів, зокрема, президент Франції Еммануель Макрон та канцлер Німеччини Олаф Шольц, наголошують на необхідності більш «реалістичного» підходу до врегулювання конфлікту.

«Наші партнери розуміють, що досягти повної перемоги на полі бою буде надзвичайно складно, враховуючи поточний стан справ та обмеженість військової підтримки. Вони вважають, що Україна повинна бути більш відкритою до переговорів, навіть якщо це означатиме поступки щодо деяких територій», – зазначив співрозмовник, додавши, що ці вимоги звучали під час нещодавніх зустрічей на полях саміту G20.

Аналітики відзначають, що подібні заяви відображають певне розчарування серед західних союзників щодо темпів контрнаступу та зростаючі економічні труднощі, з якими стикаються країни Європи через війну в Україні. Зокрема, експерт з міжнародних відносин, професор Київського національного університету імені Тараса Шевченка Ігор Петренко, зазначає, що «втома від війни» може призвести до зміни політичного клімату в деяких західних столицях.

«Західні лідери все частіше зважають на внутрішню політичну ситуацію у своїх країнах, де підтримка України починає знижуватися. Економічні проблеми, інфляція та міграційна криза змушують їх шукати шляхи швидкого врегулювання конфлікту, навіть якщо це не відповідає інтересам України», – коментує Петренко.

Офіційні представники українського уряду поки що утримуються від коментарів, але джерела в Офісі Президента підтверджують, що питання переговорів з РФ перебуває в центрі уваги. Водночас, наголошується, що жодні рішення не будуть прийняті без врахування інтересів та позиції українського народу.

Ситуація залишається напруженою, оскільки Україна продовжує боротьбу за свою територіальну цілісність, а західні партнери шукають способи прискорити завершення конфлікту.",Політика,Маніпуляція
Зеленський анонсував перегляд пріоритетів фінансування: оборона vs. соціальні виплати,"Президент Володимир Зеленський заявив про необхідність перегляду бюджетних пріоритетів на наступний рік, акцентуючи увагу на збільшенні фінансування оборонного сектору. Відповідну заяву було зроблено під час онлайн-зустрічі з представниками міжнародних фінансових організацій, що відбулася минулого тижня. 

""Ми розуміємо, що безпека – це найважливіше. Безпека наших громадян, нашої держави. Тому ми повинні бути готовими до будь-яких викликів. Це означає, що фінансування армії, закупівля озброєнь, підтримка наших військових – це пріоритет номер один"", - зазначив Зеленський, додавши, що це може вплинути на фінансування інших статей бюджету, зокрема соціальних виплат.

За словами президента, уряд вже працює над розробкою нового бюджету, який буде враховувати поточну ситуацію та потреби країни. ""Ми будемо змушені приймати складні рішення. Але ми повинні бути чесними перед нашими громадянами: пріоритети змінюються"", - наголосив Зеленський.

Водночас, джерела в Офісі Президента повідомляють про ймовірність скорочення деяких соціальних програм та перегляд розміру окремих виплат. Зокрема, обговорюється можливість тимчасового призупинення виплат на деякі види допомоги, а також оптимізація витрат на освіту та охорону здоров'я.

Економічний експерт Андрій Новак у коментарі виданню зазначив, що рішення про перегляд бюджетних пріоритетів є виправданим в умовах триваючої війни. ""На жаль, у воєнний час соціальні виплати завжди стають другорядними. Головне – це обороноздатність країни. Питання лише в тому, наскільки болісними будуть ці зміни для населення"", - зауважив експерт.

У свою чергу, представники опозиційних сил висловили занепокоєння з приводу можливих скорочень соціальних виплат. ""Ми розуміємо важливість підтримки армії, але не можна забувати про потреби простих людей. Уряд повинен знайти баланс між обороною та соціальним захистом"", - заявив народний депутат від однієї з опозиційних фракцій, який побажав залишитися анонімним.

Очікується, що деталі нового бюджету будуть представлені на розгляд Верховної Ради найближчим часом.",Політика,Маніпуляція
Зеленський готує нові кадрові перестановки: під прицілом – міністри оборони та економіки?,"На Банковій триває підготовка до чергового переформатування урядового складу. За інформацією джерел, наближених до Офісу Президента, найближчим часом можуть відбутися зміни у ключових міністерствах – оборони та економіки. 

Причиною для можливих перестановок, за словами співрозмовників, є незадовільні результати роботи оборонного відомства щодо постачання західної зброї та повільне освоєння виділених на це коштів. Також критику викликає недостатній прогрес у реформах економіки, зокрема, у питаннях залучення інвестицій та боротьби з корупцією. 

«Президент незадоволений темпами змін. Постійні затримки з поставками зброї, бюрократія у міністерстві, відсутність чіткого плану економічного відновлення – це ті проблеми, які накопичуються», – повідомило джерело, побажавши залишитися анонімним.

У Міністерстві оборони ситуацію поки не коментують. Міністр кілька тижнів тому заперечував будь-які плани щодо його відставки, наголошуючи на ефективності роботи відомства в умовах війни. Водночас, джерела в уряді натякають на можливе призначення на посаду міністра оборони більш досвідченого управлінця, який має зв'язки із західними партнерами.

Щодо міністерства економіки, то тут питання стоїть більш гостро. Незважаючи на заяви про покращення економічної ситуації, реальні показники залишаються невтішними. Експерти відзначають відсутність системного підходу до реформ, а також проблеми з прозорістю прийняття рішень. 

«На жаль, ми бачимо лише імітацію реформ. Замість реальних змін – гучні заяви та піар-кампанії. Інвестори не поспішають вкладати гроші в країну, а корупція залишається на високому рівні», – коментує ситуацію економічний експерт Андрій Ковальчук.

Очікується, що рішення щодо кадрових змін буде прийнято найближчим часом. Остаточне рішення залишається за Президентом Зеленським, який, за словами його оточення, готовий до рішучих кроків заради покращення ситуації в країні.",Політика,Маніпуляція
ЗМІ: Західні партнери вимагають від України більшої прозорості у фінансуванні оборонних потреб,"Київ, Україна – На тлі триваючої військової підтримки з боку західних партнерів, у кулуарах влади все частіше лунають заклики до посилення контролю за використанням фінансової допомоги, що надходить в Україну. Джерела в дипломатичних колах повідомляють про зростаюче занепокоєння щодо недостатньої прозорості у звітності про витрати на оборонні потреби, особливо щодо закупівель зброї та військової техніки.

За словами високопоставленого джерела в одному з посольств країн G7, яке побажало залишитися анонімним, ""наші уряди стикаються зі зростаючим тиском з боку платників податків, які вимагають більшої підзвітності за виділені кошти. Ми хочемо бути впевнені, що допомога використовується ефективно та цільово"". Джерело також зазначило, що відсутність чітких механізмів контролю може негативно вплинути на подальшу підтримку України.

Ці заяви прозвучали на тлі нещодавніх повідомлень у західній пресі про можливі зловживання у сфері державних закупівель в Україні. Хоча офіційні особи українського уряду неодноразово заперечували будь-які факти корупції, західні партнери наполягають на посиленні контролю, зокрема, шляхом залучення міжнародних аудиторських компаній.

Експерти відзначають, що питання прозорості фінансування є критично важливим для збереження довіри до України як партнера. ""Відкритість та підзвітність – це ключові умови для отримання довгострокової підтримки"", – коментує політичний аналітик Ігор Семенов. ""Будь-які спроби приховати інформацію можуть бути використані російською пропагандою для дискредитації України та підриву міжнародної підтримки"".

У відповідь на ці занепокоєння, український уряд заявляє про готовність до співпраці з міжнародними партнерами у сфері контролю за фінансуванням. Прем'єр-міністр Денис Шмигаль під час нещодавньої зустрічі з представниками Європейського Союзу підкреслив важливість забезпечення максимальної прозорості та пообіцяв вжити всіх необхідних заходів для усунення будь-яких можливих ризиків.

Однак, як відзначають деякі експерти, реалізація цих планів може зіткнутися з низкою труднощів, зокрема, через обмежений доступ до інформації в умовах воєнного стану та потенційний опір з боку окремих посадовців. Ситуація залишається напруженою, а майбутнє військової підтримки України значною мірою залежить від здатності української влади продемонструвати реальні результати у боротьбі з корупцією та забезпеченні прозорості.",Економіка,Маніпуляція
Зеленський готує зміни до Конституції: експерти прогнозують посилення президентської влади,"Президент Володимир Зеленський ініціює зміни до Конституції України, що, на думку експертів, може призвести до значного посилення його повноважень. Про це стало відомо з анонімних джерел в Офісі Президента, які повідомили про підготовку відповідного законопроєкту. Офіційної заяви з цього приводу поки не було, але інформація вже активно обговорюється у політичних колах.

Згідно з отриманими даними, зміни можуть стосуватися низки ключових аспектів, зокрема, розширення повноважень президента у сфері оборони та національної безпеки, а також надання йому більшого впливу на призначення та звільнення членів Кабінету Міністрів та керівників силових відомств. Також обговорюється можливість обмеження терміну повноважень народних депутатів, що, на думку деяких аналітиків, може бути спробою контролю над Верховною Радою.

«Це може бути спробою консолідації влади в умовах триваючої війни, – коментує політичний експерт Ігор Петренко. – З одного боку, це може підвищити ефективність прийняття рішень, але з іншого – створить ризики для демократії та балансу гілок влади». 

Критики ініціативи вже висловлюють побоювання щодо можливого згортання демократичних свобод та концентрації влади в руках одного політика. Зокрема, народний депутат від партії «Європейська солідарність» Ірина Геращенко заявила, що такі зміни «суперечать духу європейської інтеграції та можуть призвести до ізоляції України на міжнародній арені». 

У свою чергу, джерела в Офісі Президента наголошують, що зміни необхідні для забезпечення ефективного управління країною в умовах воєнного стану та післявоєнного відновлення. За їх словами, посилення президентської влади дозволить швидше реагувати на виклики та приймати необхідні рішення. 

Експерти також відзначають, що реалізація цих змін може зіткнутися зі значним опором у Верховній Раді, особливо з боку опозиційних сил. Політична боротьба навколо конституційних змін, ймовірно, стане одним з ключових факторів у найближчий політичний період. Остаточне рішення щодо змін до Конституції залежатиме від підтримки народних депутатів та реакції міжнародної спільноти.",Політика,Маніпуляція
ЗМІ: Західні партнери вимагають від України пом'якшити умови для інвесторів заради фінансової допомоги,"Київ, Україна – На тлі затримок з наданням чергового траншу фінансової допомоги від західних партнерів, у деяких українських ЗМІ з'явилася інформація про те, що одним з ключових питань на переговорах стало пом'якшення умов для іноземних інвесторів. За даними джерел, наближених до переговорного процесу, представники Європейського Союзу та США висловили занепокоєння щодо низки положень українського законодавства, яке, на їхню думку, створює перешкоди для залучення інвестицій.

Зокрема, мова йде про вимоги до прозорості державних закупівель, захист прав інтелектуальної власності та умови приватизації стратегічних підприємств. Західні партнери начебто наполягають на внесенні змін до відповідних законів, щоб зробити інвестиційний клімат в Україні більш привабливим. Натомість, українська сторона висловлює побоювання, що такі зміни можуть призвести до втрати національного контролю над стратегічними об'єктами та збільшення корупційних ризиків.

«Ми розуміємо тиск, але не можемо ставити під загрозу економічну безпеку країни заради короткострокової фінансової вигоди», – цитує видання слова неназваного високопосадовця з Офісу Президента. Водночас, джерела в уряді стверджують, що переговори тривають і сторони намагаються знайти компроміс.

Експерти зазначають, що питання пом'якшення умов для інвесторів є надзвичайно чутливим, особливо в умовах триваючої війни. «Західні партнери, звісно, зацікавлені в тому, щоб Україна була привабливою для інвестицій, але їхні вимоги не повинні суперечити інтересам національної безпеки», – коментує ситуацію економічний аналітик Ігор Серов. «Важливо знайти баланс між залученням інвестицій та збереженням контролю над ключовими секторами економіки».

Поки офіційні представники не коментують інформацію, але зазначають, що переговори з міжнародними партнерами тривають у конструктивному руслі. Очікується, що остаточне рішення щодо надання фінансової допомоги буде ухвалено найближчим часом.",Економіка,Маніпуляція
Зеленський планує відставку Залужного: джерела в ОП озвучують причини,"Президент Володимир Зеленський розглядає можливість звільнення Валерія Залужного з посади головнокомандувача Збройних сил України. Про це стало відомо з власних джерел в Офісі Президента. Основним аргументом, який наводять співрозмовники, є необхідність перезавантаження військового керівництва та пошук нових стратегічних підходів до ведення бойових дій.

За словами джерела, близького до президента, ""ситуація на фронті потребує кардинальних змін. Ми вдячні генералу Залужному за його роботу, але потрібні нові ідеї та бачення"". Співрозмовник також наголосив на необхідності покращення взаємодії між різними родами військ та оптимізації військової стратегії.

Обговорення ймовірної відставки тривають вже декілька тижнів. Серед можливих кандидатів на посаду головнокомандувача називають командувача Сухопутних військ Олександра Павлюка та начальника Головного управління розвідки Кирила Буданова.

""Президент хоче бачити більш динамічний підхід до планування операцій, а також більшу ефективність у використанні західної зброї"", – зазначив один з чиновників ОП, побажавши залишитися анонімним. Водночас, джерела наголошують, що рішення ще не прийнято, і остаточне слово залишається за президентом.

Потенційна відставка Залужного може викликати неоднозначну реакцію в суспільстві та серед міжнародних партнерів України. Генерал Залужний користується високою довірою серед українців та має значний авторитет серед військових.

Експерти застерігають від поспішних рішень, наголошуючи на важливості збереження єдності та злагодженості у військовому керівництві. ""Зміна головнокомандувача у розпал війни – це завжди ризик. Важливо ретельно зважити всі ""за"" і ""проти"", – коментує політичний аналітик Ігор Рейтерович. – Необхідно забезпечити плавний перехід влади та зберегти стабільність на фронті"".

Офіційні коментарі з боку Офісу Президента та Генерального штабу ЗСУ наразі відсутні. Пресслужба президента обмежилася заявою, що ""кадрові питання перебувають у компетенції президента"".",Політика,Маніпуляція
ЗМІ: Західні партнери вимагають від України більшої прозорості у використанні фінансової допомоги,"Західні уряди висловили стурбованість щодо недостатньої прозорості у використанні фінансової допомоги, наданої Україні для підтримки економіки та оборони. Джерела в дипломатичних колах повідомляють, що представники ключових країн-донорів неодноразово звертали увагу на необхідність посилення контролю за розподілом коштів та боротьби з корупцією.

За інформацією, отриманою від кількох високопоставлених чиновників, що побажали залишитися анонімними, вимоги стосуються як звітності за використання прямої фінансової допомоги, так і контролю за закупівлями в оборонній сфері. Особливе занепокоєння викликають повідомлення про можливі зловживання у тендерах та непрозорість у виборі підрядників.

""Наші партнери розуміють складність ситуації в Україні, але вони також мають відповідальність перед своїми платниками податків. Необхідно забезпечити, щоб кошти використовувалися ефективно та цільово,"" – цитує джерело в одному з європейських урядів. 

У відповідь на ці зауваження, український уряд заявив про готовність посилити механізми контролю та вдосконалити систему звітності. Прем'єр-міністр України наголосив на важливості прозорості та підзвітності, а також пообіцяв провести ретельну перевірку всіх випадків можливих зловживань.

Водночас, деякі експерти застерігають від надмірної політизації питання. ""Слід пам'ятати, що Україна веде війну, і бюрократичні процедури можуть сповільнювати процес отримання та розподілу допомоги. Важливо знайти баланс між необхідністю контролю та оперативністю,"" – зазначив економічний аналітик Ігор Мазур у коментарі для видання. 

Крім того, лунають заклики до міжнародних партнерів надати Україні більше технічної допомоги для впровадження сучасних систем контролю та боротьби з корупцією. Наголошується, що це допоможе підвищити довіру до України та забезпечити ефективне використання фінансової підтримки.",Економіка,Маніпуляція
Уряд розглядає можливість підвищення податків для фінансування оборони: експерти попереджають про ризики для економіки,"Кабінет Міністрів України розглядає варіанти збільшення податкового навантаження на бізнес та громадян для забезпечення фінансування потреб оборони. Про це стало відомо з власних джерел в уряді, інформація активно обговорюється на зустрічах з представниками великого бізнесу та міжнародними партнерами. Остаточне рішення поки не прийнято, але, за словами джерела, розглядаються різні сценарії, включаючи підвищення ПДВ, податку на прибуток підприємств та введення додаткових зборів.

На тлі триваючої війни та потреби у фінансуванні армії, такі заходи виглядають як вимушений крок. Однак, економісти та представники бізнесу висловлюють серйозне занепокоєння щодо наслідків. Зокрема, експерт з економіки Інституту стратегічних досліджень Ігор Петренко зазначає: ""Підвищення податків в умовах економічної нестабільності може призвести до скорочення інвестицій, зниження споживчого попиту та, як наслідок, уповільнення економічного зростання. Це може мати негативний вплив на відновлення країни після війни"".

Представники бізнесу також висловлюють побоювання. ""Ми розуміємо важливість підтримки оборони, але підвищення податків може поставити під загрозу існування багатьох підприємств, особливо малого та середнього бізнесу"", - заявив на умовах анонімності представник однієї з великих бізнес-асоціацій.

Урядовці, коментуючи ситуацію, наголошують на необхідності збалансування між потребами оборони та підтримкою економіки. ""Ми враховуємо всі можливі ризики та шукаємо найбільш оптимальні рішення, які дозволять забезпечити фінансування Збройних Сил України без критичного впливу на економіку"", - зазначив високопоставлений чиновник, побажавши залишитися неназваним.

Міжнародні партнери, зокрема представники МВФ, також висловлюють застереження щодо надмірного збільшення податкового навантаження. Вони наголошують на важливості збереження фінансової стабільності та проведення реформ, спрямованих на покращення інвестиційного клімату. Переговори з МВФ щодо нової програми фінансування залишаються в пріоритеті, а питання податкової політики є одним з ключових на порядку денному.

Подальший розвиток подій буде залежати від компромісу між потребами оборони, економічними реаліями та позицією міжнародних партнерів. Рішення уряду, як очікується, буде прийнято найближчим часом, що може суттєво вплинути на економічну ситуацію в країні.",Економіка,Маніпуляція
Україна опинилася на межі економічної кризи через зрив поставок зброї від західних партнерів,"Київ, Україна – Різке скорочення обсягів поставок зброї від західних партнерів, зокрема США та країн Європейського Союзу, призвело до критичного погіршення економічної ситуації в Україні. Про це свідчать дані, отримані з кількох джерел в уряді та експертному середовищі. 

За словами джерела в Міністерстві економіки, зрив поставок зброї, що стався внаслідок внутрішніх проблем у країнах-партнерах та змін у пріоритетах військової допомоги, спричинив падіння надходжень до державного бюджету. Зменшення військових витрат, які були одним з основних драйверів економічного зростання в попередні роки, призвело до скорочення виробництва на підприємствах оборонно-промислового комплексу та, відповідно, до зростання безробіття.

«Ми опинилися в ситуації, коли обіцяна підтримка не надходить вчасно, а існуючі контракти переглядаються або взагалі скасовуються. Це створює серйозні ризики для фінансової стабільності країни», – зазначив співрозмовник видання на умовах анонімності.

Експерти також відзначають негативний вплив ситуації на інфляцію та курс національної валюти. Зменшення притоку валюти в країну, пов'язане зі зменшенням обсягів військової допомоги, тисне на гривню, що призводить до зростання цін на імпортні товари та послуги. 

«Західні партнери зобов'язалися підтримувати Україну, але їхні дії не відповідають їхнім словам. Це ставить під сумнів їхню надійність як союзників та створює серйозні перешкоди для відновлення економіки», – заявив економічний аналітик Центру Разумкова Володимир Фесенко.

Крім того, затримки з постачанням зброї вплинули на настрої інвесторів, які почали виводити капітал з країни, побоюючись погіршення ситуації. Це, в свою чергу, ускладнює залучення нових інвестицій та гальмує економічне зростання.

Урядовці намагаються вирішити проблему шляхом переговорів з західними партнерами та диверсифікації джерел постачання зброї, але поки що результати цих зусиль залишаються незначними. Економічна ситуація в Україні продовжує погіршуватися, що може призвести до соціальної напруженості та політичної нестабільності.",Економіка,Маніпуляція
ЗМІ: Західні партнери вимагають від України більшої прозорості у використанні фінансової допомоги,"Київ, Україна – На тлі триваючої військової агресії та значних обсягів фінансової допомоги від західних партнерів, уряди низки країн висловлюють стурбованість щодо прозорості використання наданих коштів. Про це повідомляють джерела в дипломатичних колах, близькі до переговорів між Україною та представниками міжнародних фінансових організацій.

За інформацією, отриманою від джерел, ключовим питанням на порядку денному двосторонніх зустрічей є аудит витрат, зокрема, у сфері оборонних закупівель та відновлення інфраструктури. Західні партнери наполягають на посиленні контролю та запровадженні більш жорстких механізмів звітності, побоюючись корупційних ризиків.

""Ми визнаємо надзвичайні потреби України, але відповідальність за використання коштів лежить і на нас, як на донорах. Гроші платників податків мають бути використані ефективно та прозоро,"" – цитує джерело в одному з європейських урядів. 

Водночас, урядові кола України запевняють у готовності до співпраці та вжиття необхідних заходів для забезпечення прозорості. ""Ми відкриті до діалогу та готові до будь-яких перевірок. Боротьба з корупцією – наш пріоритет, особливо в умовах війни,"" – заявив на умовах анонімності високопосадовець з Офісу Президента.

Однак, як зазначають експерти, реалізація цих вимог може створити додаткові труднощі для української влади. ""Посилення контролю потребує часу та ресурсів. Це може уповільнити процеси, які зараз критично важливі для підтримки обороноздатності та відновлення країни,"" – коментує ситуацію політичний аналітик Ігор Семенюк.

Крім того, виникають питання щодо обсягів та форм допомоги, які надаються Україні. Деякі країни висловлюють бажання переглянути механізми фінансування, переходячи від прямої фінансової допомоги до надання кредитів на пільгових умовах, що, на їхню думку, сприятиме більшій відповідальності з боку української сторони.

Наразі тривають переговори, і результати будуть вирішальними для подальшої підтримки України з боку західних партнерів.",Економіка,Маніпуляція
"Зеленський готує відставку Залужного на тлі розбіжностей щодо стратегії контрнаступу, – джерела","Президент Володимир Зеленський розглядає можливість звільнення головнокомандувача Збройних сил України Валерія Залужного. Про це стало відомо з декількох джерел в Офісі Президента та військових колах, які побажали залишитися анонімними. За їхньою інформацією, причиною такого рішення стали розбіжності у поглядах на подальшу стратегію ведення бойових дій, зокрема, щодо темпів та пріоритетів контрнаступу.

«Президент вважає, що поточний етап операції не відповідає очікуванням, і потрібні більш рішучі дії. Головком, натомість, наполягає на збереженні стратегії поступового просування, щоб уникнути великих втрат серед особового складу», – повідомило джерело, близьке до керівництва ОП.

За інформацією джерел, напруга у відносинах між Зеленським та Залужним зросла після серії невдалих спроб прориву російської оборони на півдні України. Також, нібито, виникли суперечки щодо постачання західної зброї та пріоритетності тих чи інших напрямків. «Президент незадоволений тим, як використовується західне озброєння. Він вважає, що воно не приносить очікуваних результатів», – додав співрозмовник.

Потенційними кандидатами на посаду головкома джерела називають командувача Сухопутних військ Олександра Павлюка та начальника Головного управління розвідки Кирила Буданова. Офіційних коментарів з боку Офісу Президента чи Генерального штабу наразі немає. Прессекретар Президента Сергій Никифоров відмовився коментувати інформацію, пославшись на чутки.

Політичний аналітик Ігор Рейтерович вважає, що звільнення Залужного стане серйозним викликом для єдності українського суспільства та може негативно вплинути на підтримку України з боку західних партнерів. «Залужний має високий рівень довіри серед військових та населення. Його відставка буде сприйнята неоднозначно і може створити певну турбулентність у відносинах з союзниками», – зазначив експерт в коментарі для нашого видання.",Військові події,Маніпуляція
Зростання експорту зерна викликало суперечки щодо внутрішніх цін та продовольчої безпеки,"Київ – Різке збільшення експорту українського зерна на тлі глобальної продовольчої кризи викликало дискусії щодо впливу на внутрішні ціни та гарантування продовольчої безпеки в Україні. За даними Міністерства аграрної політики та продовольства, експорт зернових культур у 2024 році зріс на 40% порівняно з попереднім роком, що стало можливим завдяки відкриттю нових логістичних маршрутів та збільшенню обсягів виробництва. 

Експерти попереджають, що стрімке зростання експорту може призвести до підвищення цін на зерно на внутрішньому ринку, що, в свою чергу, вплине на вартість хліба та інших продуктів харчування. ""Ми бачимо потенційну загрозу для малозабезпечених верств населення, які можуть відчути на собі наслідки зростання цін на базові продукти"", – зазначив економічний аналітик Ігор Семенюк.

Водночас, представники аграрного сектору наголошують на важливості експорту для підтримки економіки країни. ""Експорт зерна є ключовим джерелом валютних надходжень, які необхідні для фінансування оборони та відновлення країни"", – заявив голова Всеукраїнської аграрної ради Денис Марчук.

Критики звернули увагу на те, що збільшення експорту відбувається на тлі скорочення державних резервів зерна. Депутат Верховної Ради від опозиційної партії ""Сила народу"" Сергій Мельник заявив про необхідність проведення парламентських слухань щодо контролю за експортом зерна та забезпеченням продовольчої безпеки. ""Ми повинні переконатися, що експорт не відбувається за рахунок потреб українських громадян"", – підкреслив Мельник.

У відповідь на критику, Міністерство аграрної політики заявило про розробку нових механізмів регулювання ринку, включаючи квотування експорту та створення стратегічного запасу зерна. У відомстві наголосили, що пріоритетом залишається забезпечення продовольчої безпеки та доступності продуктів харчування для населення.",Економіка,Маніпуляція
Зростання експорту українського зерна: чи дійсно все так райдужно?,"Останні місяці Україна демонструє значне збільшення експорту зернових, що офіційно подається як свідчення стабілізації економіки та ефективності роботи уряду. Однак, за інформацією з власних джерел в Міністерстві аграрної політики та продовольства, за цим показником криється низка проблем, які можуть мати негативні наслідки для вітчизняних аграріїв та економіки в цілому.

Збільшення обсягів експорту відбувається переважно за рахунок зниження внутрішніх цін на зерно, що робить українську продукцію більш конкурентоспроможною на світовому ринку. Це, у свою чергу, призводить до зменшення прибутків фермерів, які змушені продавати зерно за цінами, що часто не покривають витрати на виробництво. ""Ми працюємо на межі рентабельності, а деякі господарства вже зараз змушені скорочувати посівні площі на наступний рік,"" – заявив на умовах анонімності представник Асоціації фермерів України.

Крім того, значна частина експорту здійснюється через офшорні компанії, що дозволяє уникнути сплати податків в Україні. За оцінками експертів, втрати державного бюджету від таких операцій можуть сягати сотень мільйонів гривень на місяць. ""Податкова служба має активізувати роботу в цьому напрямку, щоб забезпечити надходження коштів до бюджету, які так необхідні для фінансування оборонних потреб,"" – коментує економічний аналітик Ігор Семиноженко.

Також, викликає занепокоєння структура експорту. Значна частка зерна спрямовується до країн, які не є традиційними споживачами української сільськогосподарської продукції, що може свідчити про реекспорт зерна до третіх країн, зокрема, тих, що підпадають під санкції. Це ставить під сумнів прозорість експортних операцій та може призвести до міжнародних скандалів.

Міністерство аграрної політики та продовольства офіційно заперечує наявність проблем, стверджуючи, що експорт зерна є ключовим фактором економічного зростання. Однак, експерти закликають до більш ретельного аналізу ситуації та вжиття заходів для захисту інтересів українських аграріїв та забезпечення прозорості експортних операцій.",Економіка,Маніпуляція
Зростання експорту українського зерна: успіх чи прихована загроза?,"На тлі стабілізації цін на світовому продовольчому ринку та збільшення обсягів експорту українського зерна, експерти висловлюють занепокоєння щодо можливих негативних наслідків для внутрішнього ринку. Згідно з даними Міністерства аграрної політики та продовольства, у першому кварталі 2024 року експорт зернових культур з України зріс на 15% порівняно з аналогічним періодом минулого року, що є позитивним сигналом для економіки країни. Проте, як зазначають аналітики, такий стрімкий експорт може призвести до дефіциту зерна на внутрішньому ринку та, як наслідок, до зростання цін на хліб та інші соціально значущі продукти.

""Ми бачимо збільшення експорту, але не бачимо адекватного збільшення запасів зерна на внутрішньому ринку. Це викликає серйозні питання щодо забезпечення продовольчої безпеки країни"", – коментує ситуацію економічний експерт Ігор Петренко. Він також наголошує на необхідності більш ретельного контролю за експортом та стимулюванні внутрішнього виробництва.

Крім того, експерти звертають увагу на те, що значна частина експортованого зерна може бути продана за заниженими цінами, що пов'язано з тиском з боку великих агрохолдингів та необхідністю швидкого збуту продукції. ""У гонитві за обсягами експорту ми можемо втратити якість та прибуток"", – зазначає агроном Михайло Коваленко. Він також висловлює занепокоєння щодо можливого зниження конкурентоспроможності українських аграріїв на світовому ринку.

Міністерство аграрної політики та продовольства поки що не коментує ситуацію. Однак, як стало відомо з джерел у відомстві, розглядається можливість введення тимчасових обмежень на експорт окремих видів зернових культур з метою стабілізації внутрішнього ринку. Водночас, урядовці наголошують на важливості збереження експортного потенціалу країни та виконання міжнародних зобов'язань.

На тлі цих подій, деякі опозиційні політики вже висловили критику на адресу уряду, звинувачуючи його у відсутності стратегічного планування та недостатній підтримці вітчизняних виробників. Зокрема, народний депутат від партії ""Голос"" Ярослав Железняк заявив про необхідність проведення парламентських слухань щодо ситуації на аграрному ринку та розробки комплексних заходів для забезпечення продовольчої безпеки України.",Економіка,Маніпуляція
Зростання експорту українського зерна: експерти попереджають про ризики для внутрішнього ринку,"Київ – На тлі рекордних показників експорту зернових культур, досягнутих Україною у 2024 році, економісти та представники аграрного сектору висловлюють занепокоєння щодо можливого негативного впливу на внутрішній продовольчий ринок. Згідно з офіційними даними Міністерства аграрної політики та продовольства, за перші шість місяців поточного року обсяги експорту зерна зросли на 30% порівняно з аналогічним періодом минулого року. Основними напрямками експорту залишаються країни Європейського Союзу, а також країни Африки та Азії.

Експерти попереджають, що надмірний експорт може призвести до підвищення цін на зерно всередині країни, що, в свою чергу, негативно вплине на вартість хліба та інших продуктів харчування для українських споживачів. ""Ми бачимо позитивні показники експорту, але не варто забувати про внутрішні потреби. Якщо не буде забезпечено достатню кількість зерна для внутрішнього ринку, ціни почнуть зростати, що відчують на собі всі українці"", – коментує економіст Олександр Соколовський. Він також наголошує на необхідності державного регулювання експорту для забезпечення продовольчої безпеки.

Представники аграрного бізнесу, зокрема, висловлюють занепокоєння щодо можливого дефіциту сировини для переробки. ""Наші підприємства стикаються з проблемою обмеженого доступу до зерна за прийнятними цінами. Це може призвести до скорочення виробництва борошна, круп та інших продуктів"", – зазначає голова Асоціації фермерів України Іван Петренко. Він закликає уряд до діалогу з аграріями та розробки стратегії, яка б враховувала інтереси всіх учасників ринку.

У відповідь на занепокоєння експертів, у Міністерстві аграрної політики заявили про готовність вжити заходів для стабілізації ситуації. ""Ми постійно моніторимо ситуацію на ринку та готові реагувати на можливі виклики. Наша мета – забезпечити продовольчу безпеку країни та стабільні ціни на продукти харчування"", – йдеться у офіційному коментарі прес-служби міністерства. Водночас, конкретні заходи, які планує вжити уряд, поки що не розголошуються.",Економіка,Маніпуляція
Зростання експорту зерна: чи не криється за успіхом тіньова схема?,"На тлі рекордних показників експорту зерна з України у 2024 році, експерти та представники аграрного сектору висловлюють стурбованість щодо прозорості операцій та можливих зловживань. За офіційними даними, обсяги продажу зернових культур за кордон значно перевищили показники попередніх років, що стало можливим завдяки відкриттю нових логістичних маршрутів та збільшенню потужностей переробки. 

Однак, деякі аналітики вказують на низку проблемних моментів. Зокрема, викликає питання структура експорту, де значна частка припадає на посередницькі компанії, зареєстровані в офшорних зонах. Відсутність детальної інформації про кінцевих бенефіціарів цих компаній ускладнює контроль за рухом коштів та сплатою податків. 

""Ми бачимо, що велика кількість зерна експортується через фірми-прокладки, які дозволяють мінімізувати податкові зобов'язання та приховувати реальні прибутки. Це може призвести до значних втрат для державного бюджету"", - зазначає економічний експерт Ігор Петренко.

Крім того, виникають питання щодо якості експортованого зерна. За інформацією з деяких джерел, частина продукції може не відповідати заявленим стандартам, що негативно впливає на репутацію українського зерна на міжнародних ринках. 

""На жаль, відсутність належного контролю на всіх етапах, від збору врожаю до відвантаження, створює сприятливі умови для шахрайства. Ми повинні посилити контроль за сертифікацією продукції та забезпечити прозорість експортних операцій"", - коментує ситуацію народний депутат від аграрного комітету Верховної Ради, що побажав залишитися анонімним.

Ситуація загострюється на тлі заяв деяких європейських країн про можливе обмеження імпорту українського зерна через побоювання щодо його якості та впливу на внутрішній ринок. Це може призвести до зниження цін на зерно в Україні та додаткових проблем для українських аграріїв. 

Урядовці поки що утримуються від коментарів, обіцяючи провести перевірки та вжити заходів для врегулювання ситуації. Однак, експерти застерігають, що зволікання з вирішенням проблеми може мати серйозні наслідки для економіки України.",Економіка,Маніпуляція
